file,duration_sec,sampling_rate,dataset,speaker_id,environment,text
cv-corpus-22.0-delta-2025-06-20/en\clips\common_voice_en_43199993.wav,4.5,16000,CommonVoice,02c9eef1805cc4b7c5922f0b816def65ae4c4997f1c332a269a9b635238ef342153a7144ee11ef7192ea1737f70691391909052d754728f56b0c9840aaa9df8d,unknown,"In this phase, the party was based in Eastern Norway."
cv-corpus-22.0-delta-2025-06-20/en\clips\common_voice_en_42736613.wav,8.1,16000,CommonVoice,06c3ce6c362cb98ab3d50d2b2c34bdd84e73584e9a7a5a7c4ea4d8297aeda4afeef761f74f4e06741f551faaf9671fc86606a1e3ebda8c5dfbb23656e9b96a3b,unknown,There is also an interchange with the Thousand Islands Parkway on the Ontario side.
cv-corpus-22.0-delta-2025-06-20/en\clips\common_voice_en_42798328.wav,6.3,16000,CommonVoice,0f96302cb9d236c534f6608f1b152eeba8ea295b975d829bde366bba47ecd40f594e8cba39e0892ae4c714b1e354a6378ee3c88c75d45d1762597f95768c0aee,unknown,"Five days later, Royal Marines boarded the platform and ended the broadcasting."
cv-corpus-22.0-delta-2025-06-20/en\clips\common_voice_en_43204215.wav,8.32,16000,CommonVoice,134e0fd7b344e38bd25fc9ba8acf1372406f2a1099378cdd2a0ee7b1ec56e6ab288c076304782cb76887a9f906d95e45da15ea96b962219ac6df855332d5e185,unknown,"Only a small Greek state became independent in the Balkans, with limited Russian influence."
cv-corpus-22.0-delta-2025-06-20/en\clips\common_voice_en_42706055.wav,5.15,16000,CommonVoice,15e07adfee8c774664386125e1b22ed62ade8b32e6720494df56481a5d78c67d1ef9f90d41430d4a60324181fb54350e7b9ae3d9822a32cb5a82f4bcf79e981a,unknown,Knob Noster State Park is nearby.
cv-corpus-22.0-delta-2025-06-20/en\clips\common_voice_en_43139615.wav,7.02,16000,CommonVoice,1c45c93748b4fb002a88c7487c95da432d632d2bfdc96b99dda65a1fa1d25a9ae21eadd68de5053a54a93bb9ede37eafac605a25e0fc2bcf096f83ac2ca6ee56,unknown,"Thus, she brought the water to Jamdagni for his rituals of oblation."
cv-corpus-22.0-delta-2025-06-20/en\clips\common_voice_en_43196525.wav,5.22,16000,CommonVoice,1db3229ee8d83cd788e1e8d2d620e33bee237e71d7e85661b3a630fc682fe52a77e5a3bdf5e67d7a4f98daf99287233dc5935388c6cd7aa46dd8a4248dca4812,unknown,"Winkler named the element after his country, Germany."
cv-corpus-22.0-delta-2025-06-20/en\clips\common_voice_en_42752135.wav,8.68,16000,CommonVoice,1fa92ab97bd0b041f2307b5f6251c873dab1984efc24a1c93342a1ab2bc32ba50176b1a1c95ebd4f24d813ea6668ff7f75c8566ccca9734b6ccad675d8ffc58d,unknown,Okara is sometimes spread on fields as a natural nitrogen fertilizer.
cv-corpus-22.0-delta-2025-06-20/en\clips\common_voice_en_42799557.wav,3.24,16000,CommonVoice,2079970dcf2fd88e61e7108614711bf90bcb3d60ce2729b0bc84d54749b932addfce4c2d654b586fc810bc82456c979a1eb8417cd6315053cacb5be95de170c5,unknown,He became proficient in German.
cv-corpus-22.0-delta-2025-06-20/en\clips\common_voice_en_43193287.wav,4.43,16000,CommonVoice,271461c947fcaf7ccceb3bcee1321f5ab5cf844ea210ab60915b1c63f2ab99b7a67d39221d595fecb7dde38fb8cc191517f4c10734e48ffe6c16d6fdd35c6370,unknown,Doctor T. S. Lin was then appointed as president of the school.
cv-corpus-22.0-delta-2025-06-20/en\clips\common_voice_en_42727108.wav,12.1,16000,CommonVoice,2eeefcd1dcd93c9d57e14ffc1e741ce7746e0d51f1bc96cf31921feb74d44114dd7d5107fdfe3aa976bd330baabe5d6d4f411e5edc350a248d10ca1929b51c88,unknown,"His siblings included Lewis Rudolph, who would later help found Krispy Kreme."
cv-corpus-22.0-delta-2025-06-20/en\clips\common_voice_en_42791629.wav,5.51,16000,CommonVoice,33eed3a8d8cdb0250df3ed7deb158a918722be78ce5e786653f6b839739d7a75f4ff5a67e552f5cc7999dd013b6e2eb5f143e4db99470d5af6b4f89b1682245c,unknown,The Red Hill Junior Senior High School is located in Bridgeport.
cv-corpus-22.0-delta-2025-06-20/en\clips\common_voice_en_43200118.wav,7.96,16000,CommonVoice,35ee6eb56ad5081dcb8f3fd64fae3d9df7c2e072bfb73a5d954a9892c7cc1f01a9361b978ee94b09048d1ed4e8e6d858358ddbbc075f8fe8eddf2ec34a6597fd,unknown,Just over two years earlier Wilson had challenged Gaitskell for the party leadership.
cv-corpus-22.0-delta-2025-06-20/en\clips\common_voice_en_42817051.wav,4.9,16000,CommonVoice,3cb2ef0dae77c9d1bcbed706c3fa924deca9a55f9e21adc6e35e43b262909181a622ceb855033406a9a4afe295467a2ea240491844222f122adffe22c293d45f,unknown,There have been a number of improvements to the campus in recent years.
cv-corpus-22.0-delta-2025-06-20/en\clips\common_voice_en_42805882.wav,5.54,16000,CommonVoice,3ec5458ed7ab1b3c73af190e803c21db1f1a3a4a4e1721955cbc03f760992067d4ac2cd47d63fb9c7011437dc1696910a2dd8be5dc5ed1092f6e4ae1fdf4693e,unknown,The village is about seven miles north of Barnstaple.
cv-corpus-22.0-delta-2025-06-20/en\clips\common_voice_en_43193311.wav,9.25,16000,CommonVoice,440db700ab63de221bfaeff724c4341afcd92ab19f4d1981c5eebd886fd802f27743a3cdfa318b454ae3b406adb93491e3aecf07270e46eb0b5ef68b90251ef7,unknown,Many methods have been developed to initiate sluggish Grignard reactions.
cv-corpus-22.0-delta-2025-06-20/en\clips\common_voice_en_42751082.wav,5.51,16000,CommonVoice,4959e91cc5fcd79d2a2cba49e869e5cf64bbd3f99e07a6014ffacb14f76f63766691ad79de243bfdae5cfbcaa2f8cd339a576911bda347471997b76ee4abbcd5,unknown,Its western and southwestern parts have many volcanic rocks.
cv-corpus-22.0-delta-2025-06-20/en\clips\common_voice_en_42712838.wav,7.34,16000,CommonVoice,57eeac783dd977a43ff6b6809a5c6969a5424db8f8d921d233e2a6ec120986429a7223257ff29e44815805694b08a3abb76f7e8b73caf6d63b976ea30cf87d67,unknown,"Mudrocks, by definition, consist of at least fifty percent mud-sized particles."
cv-corpus-22.0-delta-2025-06-20/en\clips\common_voice_en_43197727.wav,7.74,16000,CommonVoice,6042b5bbc3b353e2747913a9deed268cb531c9cb76471da048261106158293a836e75c049686d0f8607840179e29695a7a78bdf9006f6f3f7b4296ed86a108a2,unknown,Camping and fires within the park are not permitted.
cv-corpus-22.0-delta-2025-06-20/en\clips\common_voice_en_43198570.wav,4.1,16000,CommonVoice,68a72aebc5e67088ad3848b429897ba4aee428f9ebb636b9cac864dd511f07a219970b55c24cfe04ea51144fe6e5aea9062175b380c23b08af768c338a055455,unknown,The series was renewed for a second season but fared much worse.
cv-corpus-22.0-delta-2025-06-20/en\clips\common_voice_en_42806811.wav,5.76,16000,CommonVoice,69cbd55360c1f8df775fb787f0505af2464694b418a042465d2527adc8ca92fe8ef083494ba58c893bd2c014e04c53cb62b86156c644fd5ea54c6857420a00c8,unknown,The league also runs cup competitions.
cv-corpus-22.0-delta-2025-06-20/en\clips\common_voice_en_42730925.wav,7.85,16000,CommonVoice,6ea192cc37c6c5dff650f7b62a80ad42fec5db64c3178a4d8e98d2c795a2f4b6ed9126f0fdbe05335357e24e339218dfbe2e9c7b16214b436134ccb0025472cb,unknown,This harmless snake nimbly squirms among the leaves.
cv-corpus-22.0-delta-2025-06-20/en\clips\common_voice_en_42753835.wav,4.25,16000,CommonVoice,72a4d2a29138b80a2fec1446fbc456e07d7e471186b03b29dd7eef9b6c54529c5285a7adad5f620261cd2bc7efa895ce19a07b2bb3648f70bca39452587e5894,unknown,Another is rabbit in gueuze.
cv-corpus-22.0-delta-2025-06-20/en\clips\common_voice_en_43211755.wav,4.97,16000,CommonVoice,74d0ca9c27230cdcdc391c8e7892fb21261fa89609901a2084393e8786cdd044abcd752beecdf4bea3bce7d05fbdbd6f0bd2e8670bc4188defbf869b51f4361b,unknown,Together they have six children and two grandchildren.
cv-corpus-22.0-delta-2025-06-20/en\clips\common_voice_en_42816897.wav,4.82,16000,CommonVoice,76cdb2e27126513678d455f91a7c23bb9853eac9b3df989e87f8f5c2abf3f70744b2bde543d62725ddca21729b1ac4e21aad5a919ede81bc110bb295bd527850,unknown,So 'Cane just said I was awol.
cv-corpus-22.0-delta-2025-06-20/en\clips\common_voice_en_42830129.wav,6.98,16000,CommonVoice,7725d9d99cc872a4cc5e95b1612297064c377464b8a731db72c9aff7551a3af625cabe2b0768aa4251518a4ef41850b1fbf4abe3fc7017b5e07ceb9a1ffc3216,unknown,He appears to have played there many consecutive years between January and March.
cv-corpus-22.0-delta-2025-06-20/en\clips\common_voice_en_42808952.wav,5.22,16000,CommonVoice,77d55c2340189f6907410356ec639472691ce6f715fb5b36e5dce6862a94cd50a61380e94f3814420950793fbaeb7de5f242cc4bca01a611498e0fe7b2de75b0,unknown,It draws attention to them and may influence the results of the poll.
cv-corpus-22.0-delta-2025-06-20/en\clips\common_voice_en_43168920.wav,6.16,16000,CommonVoice,7a28ab538b4f8acb1007bd961c1985f5bca3d35529334461c665a066936d531fe04bf4942d98da4e0f85b37c1e6319ca9206519bff7ef8b171babda9403aae1a,unknown,The suffix is used in some medical terms denoting mental disorders.
cv-corpus-22.0-delta-2025-06-20/en\clips\common_voice_en_42809713.wav,5.08,16000,CommonVoice,7bcd7cf9609bc41d62192bbe649e9f31b946c088739603d4d409ddda957fce17b48949a3bf9e79ce2a78e4d7a7455f49b81f5ed43c4e2eea6a187210a48d415e,unknown,Both tours were canceled due to the Coronavirus pandemic.
cv-corpus-22.0-delta-2025-06-20/en\clips\common_voice_en_42711900.wav,6.77,16000,CommonVoice,9386d33138080e4ceaf3f7196a3fa0d11b65c1a4f3f615098bab81d9aac6352d03f1c0df16a713059034cb96a447e2738853535f5a6ebea1dddb9a707c581d2d,unknown,"For example, a full backup could be performed weekly, and partial backups taken nightly."
cv-corpus-22.0-delta-2025-06-20/en\clips\common_voice_en_42816075.wav,5.58,16000,CommonVoice,943ca1b77b403beaa1b491adbcca30a9e67eb320ba51c1000a65cc4690e9ed61bb0e50ab045145e72a093d59a768069b1811a5385eb726295b194785936066ba,unknown,"Her son, Marcello, is a sort of reluctant altar boy."
cv-corpus-22.0-delta-2025-06-20/en\clips\common_voice_en_42810263.wav,6.34,16000,CommonVoice,98f9180c9ad97bc7036074b0acd9c4dadf7043e512bc98480f050de52758a9e34c96848e0dc5aa3592c65ceaec405702b8d07acbdf8f42984f9593b00c6bdc5e,unknown,"They are often black, bay or brown in color."
cv-corpus-22.0-delta-2025-06-20/en\clips\common_voice_en_42814135.wav,8.57,16000,CommonVoice,9a826f165ee2fea15f84318aa231a17d8d94c742e13ae2dbb91fed7480b2e2e0069621e2f365c8e885b153c247ecc56a615fceaeeae63498a4de06bd36c5d687,unknown,His experiences as a schoolboy there were instrumental in his later work.
cv-corpus-22.0-delta-2025-06-20/en\clips\common_voice_en_42787815.wav,4.14,16000,CommonVoice,9c2e3a2f343980687d6c73513ef7927f146f2aaa1a50c011bcf785f2520944553eca0c387730a4a1a2b1f61d994966eb89cccb4a9f2f429a8abf321e948b254c,unknown,He was a noted philanthropist.
cv-corpus-22.0-delta-2025-06-20/en\clips\common_voice_en_42726291.wav,8.32,16000,CommonVoice,9dc7640cd4788a8fe0ba0976aef57009f30e120f0e711de65ce103d94cc374d9ce59cbc56195be850de4baff8b578c1cb4907d87b6f33539501450c5856807a7,unknown,The wide interior spaces created by the blending pose novel structural challenges.
cv-corpus-22.0-delta-2025-06-20/en\clips\common_voice_en_43193788.wav,8.42,16000,CommonVoice,a10dbefa485ee0b7a8b8e0690147097b29c017d01ba9321adb17aaa152ab248df8430c97f6bbb6bde0eac077fecfa5bd5d16032b41b64970fa1f343b8e94c022,unknown,"Irene Dunne requested him for her leading man in ""Magnificent Obsession""."
cv-corpus-22.0-delta-2025-06-20/en\clips\common_voice_en_43202293.wav,5.44,16000,CommonVoice,a738dddbf3ea8e3ed93bc6edc3dda1b2fcf8c477d9d6e389ef0871d2d91261e81c38f430a46f722754b8663ae35824abbbcd576d7cb9e7e8babcdc94cb51c801,unknown,The village has a rugby league club that also plays at The Recreation Ground.
cv-corpus-22.0-delta-2025-06-20/en\clips\common_voice_en_43204237.wav,7.56,16000,CommonVoice,a88ed8630dd33b8196cc48fb8188ed49d8b3739977d72b756fb0a2518807e80d044339c02286c70f93a3e22303255b43c856c1b0dc98461e61279e0beb034a3d,unknown,"Five of the units are two bedroom, one bath."
cv-corpus-22.0-delta-2025-06-20/en\clips\common_voice_en_42750361.wav,3.74,16000,CommonVoice,add89f9035cd366fd8fd4d9db4f5d0eccc3a5fd9f3cbb8ed2c3e9af82d904399873da0b7dd7f58bb69b8c931138b61c30d524411d1bf39cdd9337c2374fe6bd3,unknown,The Great Hall also had an organ.
cv-corpus-22.0-delta-2025-06-20/en\clips\common_voice_en_42767185.wav,6.48,16000,CommonVoice,b20e20c4afc0b92ca97cc19175ff66fcf1a93836b1b7f8ca748ffbdae266095f7744a75107d769fad8095fa5e0ed6cf94b0bbaddd0cf9b96ebccb3716581b212,unknown,"That year, the club reached fourth place in the local championship."
cv-corpus-22.0-delta-2025-06-20/en\clips\common_voice_en_43193984.wav,6.3,16000,CommonVoice,b3af1ea903c9959897c309b394dd054ab15ba0809ac4cbaf08c1b4397b5200b9e8bd6e9e61f7e1bfe6eaf110f74aa31cd20c3578b659b793ad2b63968a5f3887,unknown,All plumbing codes require backflow prevention in several ways.
cv-corpus-22.0-delta-2025-06-20/en\clips\common_voice_en_43196248.wav,8.71,16000,CommonVoice,b53ab2a03826d5874fc7c868b552af8afd18afc0e958ff8bc23af7390a305c6fcbd8f88d92c21150e1fd295f40db2afa4db4b04be475c9222e90e64860391b5c,unknown,"This technique she labeled ""polyphonic prose""."
cv-corpus-22.0-delta-2025-06-20/en\clips\common_voice_en_43203141.wav,9.68,16000,CommonVoice,b5b5b95f12d925c46d8e2210a7df4a16e074508af58cd9bff5f2f6c85bdddf142540f68198aadbc317e2fd6f2518c7c2df640da05aa88fb9be6cd22e044eaac6,unknown,This first Buddha manifested five of his attributes as five secondary Buddhas.
cv-corpus-22.0-delta-2025-06-20/en\clips\common_voice_en_42835670.wav,5.94,16000,CommonVoice,b7d6bea2f5d878b466ddc83b3a2d398aacd62aa564160fed62f0e9f8831f7d347a07b8631e92bdf77c54582d6bab096f551752a5bdb61d14fddc2e2fb6e036c0,unknown,He returned to Cabinet seven months later as Minister of Fisheries and Oceans.
cv-corpus-22.0-delta-2025-06-20/en\clips\common_voice_en_42789325.wav,6.19,16000,CommonVoice,bcacbd20b21ae74bdd0da80bcb887c5f68a9d7d43f6431457ae65401e720ad49ead9173e446dfbcf054a134ffa917b31d8b2506c2d7fe12f9f21b2057d4eea3e,unknown,"For many years after Galien was established, he was president of the village."
cv-corpus-22.0-delta-2025-06-20/en\clips\common_voice_en_43225233.wav,9.22,16000,CommonVoice,bf688efd1e1e15264a0028491f5b7e07303b19f43dcd69d06004ad98c03fe764491e16e2ddef5498f02f582dfb62b9a337a143abaec83f6789310c906cab6364,unknown,"The unincorporated communities of Choate, Freeman, Lily, and Pickerel are located within the town."
cv-corpus-22.0-delta-2025-06-20/en\clips\common_voice_en_42744683.wav,4.9,16000,CommonVoice,c064adf678b11ccb6070c893519a468158376a5d16990accbb8a77adbb7caf14bab565363e297fdbfaa0506b2e6deeec757345ab6f0d4265bac1e8f355c49e2c,unknown,"Every friend we make, is a new connection made."
cv-corpus-22.0-delta-2025-06-20/en\clips\common_voice_en_42745074.wav,6.84,16000,CommonVoice,c1a71237085b022f2c0dea2bd668bfbc7e9ee74c8be807b622c2137450199300cb44839d0f54e5962ef3797bbd28b064852b9c2ebb75b23230f2009e3f7c2a71,unknown,Significant memorial plaques were to be set up at both locations.
cv-corpus-22.0-delta-2025-06-20/en\clips\common_voice_en_42791979.wav,10.62,16000,CommonVoice,c31a2eb8c273b840d3214e5d127ba81c0a80fe7f84a65f42cde962bed5088ce8239722c5a943685dc689f7be177f38760778a222e67bd87a0c0c32100da490c1,unknown,"This version also featured a bonus track called ""Hollywood Teaze""."
cv-corpus-22.0-delta-2025-06-20/en\clips\common_voice_en_42812836.wav,8.89,16000,CommonVoice,cb07fe2d56d98c963c2b6cf7f71fd8ae328a1035ce63e9a1065c73593abac8c2fe2175db360b70af53c658a4cc48004622b8f5a6d20a203769aa7208cd5e7181,unknown,Aina hii huvumilia hali ya jua kali.
cv-corpus-22.0-delta-2025-06-20/en\clips\common_voice_en_42943363.wav,5.94,16000,CommonVoice,d3de90b0780552e1f844317df523a27ad670a2f5dcae5933eec2de64ada2e58617732a481cfea29d6364c13084843f13bcc286caffdfb5a7094ac25cb2e36cdd,unknown,"Saint Benedict offers a wide variety of academic, athletic and technical programs."
cv-corpus-22.0-delta-2025-06-20/en\clips\common_voice_en_42763081.wav,5.62,16000,CommonVoice,dedeff164fccda6edfa6a7725f00d39cfa2f0d5a0b9efc47c3885e6c5b5859e98a812f038b1e5caf2ba705f19b3979aa4a5cde59f5071d44049b72b5a06fc4c8,unknown,They have no lateral line and have a protruding lower jaw.
cv-corpus-22.0-delta-2025-06-20/en\clips\common_voice_en_43406505.wav,12.24,16000,CommonVoice,f4d2516d878b2fc3b099914b5c7089abec30827a452b7200bc282a7f299f83c780e38371380cef31faf101439a5965b0edd9c0231c4964fda221c96c0bc462fb,unknown,Owen Roberts International Airport serves Grand Cayman with domestic and international flights.
cv-corpus-22.0-delta-2025-06-20/en\clips\common_voice_en_42814267.wav,9.36,16000,CommonVoice,f6ba830a5b3846f3ad96175616785e5dfbfc6b378ff890b7316482de915fcfc9ba2b5b0d9a1d0934302e1a4bb830ff6a07439e715822a6b73970a3dcd2cee49f,unknown,The attribution of human general qualities to divine beings may be called anthropopathy.
cv-corpus-22.0-delta-2025-06-20/en\clips\common_voice_en_43188894.wav,6.12,16000,CommonVoice,f88785df269f75d918bd9dbb3a967cd430645b0f612a31374f609346c9b0cbae373c10697f965ed0b1c83d3ba4b8fc4f651290d599370808e4826c7acdb63d75,unknown,"For example, consider consumption of cheap fast food versus steak."
cv-corpus-22.0-delta-2025-06-20/en\clips\common_voice_en_42797769.wav,9.47,16000,CommonVoice,fe8f9edf7d7fcbf6c2523c0fae46e2833189a776baf7e95dcde1228e87d3c2487f768ee27d50e67e576aa5dcba9eb7ccecff45779243a5d81ff582beb807b4e5,unknown,"Similarly, nature with its diversity taught him the cosmic vitality hid from those unwary."
cv-corpus-22.0-delta-2025-06-20/en\clips\common_voice_en_42814003.wav,5.04,16000,CommonVoice,250865835380a9b8bd3c5e06e96fef3af22b314fda5005ed2a570c73f8dd7ed10313e00edf4cdef4195d0b6e6471ac114dcfe579c9f7e96f0260600c23320d4f,unknown,"As I stepped onto the plane, I was amazed at how big it was."
cv-corpus-22.0-delta-2025-06-20/en\clips\common_voice_en_42814024.wav,9.11,16000,CommonVoice,250865835380a9b8bd3c5e06e96fef3af22b314fda5005ed2a570c73f8dd7ed10313e00edf4cdef4195d0b6e6471ac114dcfe579c9f7e96f0260600c23320d4f,unknown,Musical styles represented range from the very traditional Mexican folk to electronic music.
cv-corpus-22.0-delta-2025-06-20/en\clips\common_voice_en_42812009.wav,4.86,16000,CommonVoice,2e35c72991f5a62c0d74751f899d2b79dcf653684843e85bd45dd139ea10c229d1cce746522010c9faf0b74cbac56137be56f6fc10ca418307457b1e4046803b,unknown,They had five children and four grandchildren.
cv-corpus-22.0-delta-2025-06-20/en\clips\common_voice_en_42812198.wav,4.79,16000,CommonVoice,2e35c72991f5a62c0d74751f899d2b79dcf653684843e85bd45dd139ea10c229d1cce746522010c9faf0b74cbac56137be56f6fc10ca418307457b1e4046803b,unknown,Sato is an external director on the board of Hitachi.
cv-corpus-22.0-delta-2025-06-20/en\clips\common_voice_en_42785961.wav,5.9,16000,CommonVoice,30d9e3ee6f29d59606a69be2beea9a6d18d19222445018d1b47b31d32f3e3c845f0a31c3e6aed53831adfe5871fb22926f84e8c271e3ba996618a89414afd3dc,unknown,We need not wonder that he does not exercise it.
cv-corpus-22.0-delta-2025-06-20/en\clips\common_voice_en_42785968.wav,2.81,16000,CommonVoice,30d9e3ee6f29d59606a69be2beea9a6d18d19222445018d1b47b31d32f3e3c845f0a31c3e6aed53831adfe5871fb22926f84e8c271e3ba996618a89414afd3dc,unknown,That is home
cv-corpus-22.0-delta-2025-06-20/en\clips\common_voice_en_42814462.wav,5.04,16000,CommonVoice,3d40d75a6dc5bdfc0ef5ed3b3e9f22d1875da0c29cf714e6acad7c24886f5d25e92a2dd62f078839e0c0797de56c10e915d6f2186a4d6b9822af2876b132be92,unknown,Today he believes that both the Green Party and Left Party are opportunistic.
cv-corpus-22.0-delta-2025-06-20/en\clips\common_voice_en_42814559.wav,3.53,16000,CommonVoice,3d40d75a6dc5bdfc0ef5ed3b3e9f22d1875da0c29cf714e6acad7c24886f5d25e92a2dd62f078839e0c0797de56c10e915d6f2186a4d6b9822af2876b132be92,unknown,I’m very glad they’ve called Mr. Allan.
cv-corpus-22.0-delta-2025-06-20/en\clips\common_voice_en_42831657.wav,5.72,16000,CommonVoice,549132dfe2373a523b2e438a09631b36f17258826c1d7cbfd9066e7acd3e0e22b761107ea9196c55b7b161628ce527eada5e5676a11676f4fa536c6dbe271965,unknown,"The Muslim members wanted to join the nationalists, but not the Europeans."
cv-corpus-22.0-delta-2025-06-20/en\clips\common_voice_en_42831673.wav,5.69,16000,CommonVoice,549132dfe2373a523b2e438a09631b36f17258826c1d7cbfd9066e7acd3e0e22b761107ea9196c55b7b161628ce527eada5e5676a11676f4fa536c6dbe271965,unknown,"Later in her life, Cornelia studied literature, Latin, and Greek."
cv-corpus-22.0-delta-2025-06-20/en\clips\common_voice_en_43195536.wav,8.5,16000,CommonVoice,5e89a850e40e3b03fa734c6f72ed77a570db2dfd7f7143b5409fa8761666f2c48ce85964c881e264ecd18174fc5380df010bb990296daa27bee90885e8a302b3,unknown,It is the major cause of orbital decay for satellites in low Earth orbit.
cv-corpus-22.0-delta-2025-06-20/en\clips\common_voice_en_43195537.wav,8.89,16000,CommonVoice,5e89a850e40e3b03fa734c6f72ed77a570db2dfd7f7143b5409fa8761666f2c48ce85964c881e264ecd18174fc5380df010bb990296daa27bee90885e8a302b3,unknown,The beaches of Trentova Bay contribute to make Agropoli an important seaside resort.
cv-corpus-22.0-delta-2025-06-20/en\clips\common_voice_en_43203251.wav,4.61,16000,CommonVoice,70bc81c95f635305547cfceab94a57cdb8dddf01d84523f819b1c9188718408dc517fa069200768174b7fa0775470a1af8e42f5d00619c4f235bcaf04f56d811,unknown,Animal husbandry concentrates on meat and milk production.
cv-corpus-22.0-delta-2025-06-20/en\clips\common_voice_en_43203326.wav,5.08,16000,CommonVoice,70bc81c95f635305547cfceab94a57cdb8dddf01d84523f819b1c9188718408dc517fa069200768174b7fa0775470a1af8e42f5d00619c4f235bcaf04f56d811,unknown,The transformation usually occurs when the individual reaches middle age.
cv-corpus-22.0-delta-2025-06-20/en\clips\common_voice_en_42765024.wav,9.72,16000,CommonVoice,90a92d42538b10076407dd62fda48be5c912c7299cba7d8d3708d42018098978378a7f4f2d84a724878bb2e8bf1dfda5c25ebc280a750439ff9670221133effb,unknown,This comes off the back of his recent shaping experience with Machado creations boards.
cv-corpus-22.0-delta-2025-06-20/en\clips\common_voice_en_42765051.wav,7.2,16000,CommonVoice,90a92d42538b10076407dd62fda48be5c912c7299cba7d8d3708d42018098978378a7f4f2d84a724878bb2e8bf1dfda5c25ebc280a750439ff9670221133effb,unknown,Not recognized internationally as a part of Russia.
cv-corpus-22.0-delta-2025-06-20/en\clips\common_voice_en_42815717.wav,6.48,16000,CommonVoice,955303cad79c3fcd8d096d5d9de1d2a8df179377475537ed8c5d2dbdadf6cb6d74c9c6e0c5ceb0db2f8bc6c99611b800db8974b3c6997604a0e41c8af672223e,unknown,The possible effect of platform capitalism on open science has been discussed.
cv-corpus-22.0-delta-2025-06-20/en\clips\common_voice_en_42815757.wav,7.06,16000,CommonVoice,955303cad79c3fcd8d096d5d9de1d2a8df179377475537ed8c5d2dbdadf6cb6d74c9c6e0c5ceb0db2f8bc6c99611b800db8974b3c6997604a0e41c8af672223e,unknown,The Rooftop Restaurant and Bar overlooks both the river and the Bancroft Gardens.
cv-corpus-22.0-delta-2025-06-20/en\clips\common_voice_en_43160566.wav,5.0,16000,CommonVoice,a97730f86fa90560ae105669364412a9ad393b32839d0151236604af188212aab60bf5168a7975fdd0a448dd3131543f5c0032e737a7164b41e9d9d85ffd6660,unknown,More than half of the show was shot on bluescreen.
cv-corpus-22.0-delta-2025-06-20/en\clips\common_voice_en_43173951.wav,4.36,16000,CommonVoice,a97730f86fa90560ae105669364412a9ad393b32839d0151236604af188212aab60bf5168a7975fdd0a448dd3131543f5c0032e737a7164b41e9d9d85ffd6660,unknown,However he could not find a publisher for the work.
cv-corpus-22.0-delta-2025-06-20/en\clips\common_voice_en_42975525.wav,4.68,16000,CommonVoice,d57d24224ffd169481cf2e49752f4ededc5206cbc5f328b48159ab4f52627121ca1c1ad803177f205c65786b1c5a55a7a93e14f9e37fe7efab6848982bbcb99e,unknown,Samuel Taylor Coleridge was one early advocate of this.
cv-corpus-22.0-delta-2025-06-20/en\clips\common_voice_en_42975589.wav,5.44,16000,CommonVoice,d57d24224ffd169481cf2e49752f4ededc5206cbc5f328b48159ab4f52627121ca1c1ad803177f205c65786b1c5a55a7a93e14f9e37fe7efab6848982bbcb99e,unknown,"Additionally, the convenience of having a wearable device on my wrist appeals to me."
cv-corpus-22.0-delta-2025-06-20/en\clips\common_voice_en_42970620.wav,7.6,16000,CommonVoice,e0d6071ef72d084cdf3e346406366e251a3beb917b46bc9d6dc62e6c84d827b9a1be5789df18930ecb3c1de74293b658cde7a0aae30b9c109309f41ac4fe05df,unknown,The following day they returned to Wonsan two fly two more strikes.
cv-corpus-22.0-delta-2025-06-20/en\clips\common_voice_en_42977065.wav,5.51,16000,CommonVoice,e0d6071ef72d084cdf3e346406366e251a3beb917b46bc9d6dc62e6c84d827b9a1be5789df18930ecb3c1de74293b658cde7a0aae30b9c109309f41ac4fe05df,unknown,The weapon can also be used against bunkers and pillboxes.
cv-corpus-22.0-delta-2025-06-20/en\clips\common_voice_en_43375391.wav,5.44,16000,CommonVoice,e431eafe9b69a4e3ce94affce4f53cbbd3f3405449676d313de5081c42a610ec208f09e4c626991703c2fb228b51af409084267fed8deda1888804c2aef01459,unknown,The orders of architecture were initially invented by the ancient Greeks.
cv-corpus-22.0-delta-2025-06-20/en\clips\common_voice_en_43375393.wav,6.12,16000,CommonVoice,e431eafe9b69a4e3ce94affce4f53cbbd3f3405449676d313de5081c42a610ec208f09e4c626991703c2fb228b51af409084267fed8deda1888804c2aef01459,unknown,"A year later, the city becomes ravaged by zombies."
cv-corpus-22.0-delta-2025-06-20/en\clips\common_voice_en_43199085.wav,6.12,16000,CommonVoice,eea3665333949b9276f0ac5ad1b52d555928923b77e0abfc385c4267cc4f7b6a54a9f00c2c6c0bcbc2fc17dbb02fb282e003d197d3d25dec36e6ff8d52d3e83c,unknown,The articles were collected into two books and a record album.
cv-corpus-22.0-delta-2025-06-20/en\clips\common_voice_en_43199122.wav,7.56,16000,CommonVoice,eea3665333949b9276f0ac5ad1b52d555928923b77e0abfc385c4267cc4f7b6a54a9f00c2c6c0bcbc2fc17dbb02fb282e003d197d3d25dec36e6ff8d52d3e83c,unknown,Laurence Court is a short street in the Bootleggers Cove neighborhood of Anchorage.
cv-corpus-22.0-delta-2025-06-20/en\clips\common_voice_en_42706510.wav,5.44,16000,CommonVoice,3e7de698376938907d0648c89143c8bb64dff420405c9ffcea8da42a2962c2a7cb4d6540d234ee57d25a84b3d81790cec7e9d17261cdaae4f003d5beedf590aa,unknown,His uncle was the radio presenter Wilfred Pickles.
cv-corpus-22.0-delta-2025-06-20/en\clips\common_voice_en_42706513.wav,5.22,16000,CommonVoice,3e7de698376938907d0648c89143c8bb64dff420405c9ffcea8da42a2962c2a7cb4d6540d234ee57d25a84b3d81790cec7e9d17261cdaae4f003d5beedf590aa,unknown,"The element ""k"" is called an upper bound of ""S""."
cv-corpus-22.0-delta-2025-06-20/en\clips\common_voice_en_42706516.wav,6.7,16000,CommonVoice,3e7de698376938907d0648c89143c8bb64dff420405c9ffcea8da42a2962c2a7cb4d6540d234ee57d25a84b3d81790cec7e9d17261cdaae4f003d5beedf590aa,unknown,"Having escaped, Johnny masquerades as Rigo and begins to assist the doctor."
cv-corpus-22.0-delta-2025-06-20/en\clips\common_voice_en_43208180.wav,4.18,16000,CommonVoice,534bcfba42bc74666812ef2858564e1d5766b1ad4f93f99d158cb508dae166665921085feceed2783a92e9211c2df261cec32f118d532ff4f59906948ff28cb9,unknown,A Halloween special was also released on the same day.
cv-corpus-22.0-delta-2025-06-20/en\clips\common_voice_en_43208189.wav,5.15,16000,CommonVoice,534bcfba42bc74666812ef2858564e1d5766b1ad4f93f99d158cb508dae166665921085feceed2783a92e9211c2df261cec32f118d532ff4f59906948ff28cb9,unknown,"White now must retreat the knight, or sacrifice it."
cv-corpus-22.0-delta-2025-06-20/en\clips\common_voice_en_43208290.wav,6.52,16000,CommonVoice,534bcfba42bc74666812ef2858564e1d5766b1ad4f93f99d158cb508dae166665921085feceed2783a92e9211c2df261cec32f118d532ff4f59906948ff28cb9,unknown,"Hence, the number of zeros in an interval of a given size slowly increases."
cv-corpus-22.0-delta-2025-06-20/en\clips\common_voice_en_42699872.wav,8.32,16000,CommonVoice,5ab2c81243fc9e565a7e6a4f7b366f528e2c72bccdc5fa205351317f397375b48ec7d6705e1096f015e3f99d76f55cfd04ad6a37e44d721b25f5c4cd95cbd4d5,unknown,"Boocock is in the critically acclaimed avant-garde theatre company ""Elevator Repair Service""."
cv-corpus-22.0-delta-2025-06-20/en\clips\common_voice_en_42699890.wav,4.79,16000,CommonVoice,5ab2c81243fc9e565a7e6a4f7b366f528e2c72bccdc5fa205351317f397375b48ec7d6705e1096f015e3f99d76f55cfd04ad6a37e44d721b25f5c4cd95cbd4d5,unknown,The Caliph had Yahya brought to him and confronted the two men.
cv-corpus-22.0-delta-2025-06-20/en\clips\common_voice_en_42699891.wav,4.5,16000,CommonVoice,5ab2c81243fc9e565a7e6a4f7b366f528e2c72bccdc5fa205351317f397375b48ec7d6705e1096f015e3f99d76f55cfd04ad6a37e44d721b25f5c4cd95cbd4d5,unknown,Mandaic is written in the Mandaic alphabet.
cv-corpus-22.0-delta-2025-06-20/en\clips\common_voice_en_43004194.wav,3.71,16000,CommonVoice,6b314bf98ad57930be9d71c47cfb9e577a2e989058c8cb693b2760c94bc018bbb45bfc7bffecca922cd863a5d79b253c4819e2b2d998e879ab6044dacc21ed87,unknown,The castle's bastion walls are thick.
cv-corpus-22.0-delta-2025-06-20/en\clips\common_voice_en_43004225.wav,5.58,16000,CommonVoice,6b314bf98ad57930be9d71c47cfb9e577a2e989058c8cb693b2760c94bc018bbb45bfc7bffecca922cd863a5d79b253c4819e2b2d998e879ab6044dacc21ed87,unknown,"The cape is named after John Meares, a British explorer."
cv-corpus-22.0-delta-2025-06-20/en\clips\common_voice_en_43004302.wav,7.02,16000,CommonVoice,6b314bf98ad57930be9d71c47cfb9e577a2e989058c8cb693b2760c94bc018bbb45bfc7bffecca922cd863a5d79b253c4819e2b2d998e879ab6044dacc21ed87,unknown,Cultural differences are further accentuated by the influence of historical and political factors.
cv-corpus-22.0-delta-2025-06-20/en\clips\common_voice_en_42788438.wav,8.28,16000,CommonVoice,a05b9ecae26781f34867ab828f329f8e54b3998ad32ebb2e41158df7213b314d9a21cb117378ed356ebeafcd12e42af3e2fbd25b671f43f9d91e613e47491ada,unknown,Postal codes ending in the digit one are used for post office boxes.
cv-corpus-22.0-delta-2025-06-20/en\clips\common_voice_en_42788519.wav,4.0,16000,CommonVoice,a05b9ecae26781f34867ab828f329f8e54b3998ad32ebb2e41158df7213b314d9a21cb117378ed356ebeafcd12e42af3e2fbd25b671f43f9d91e613e47491ada,unknown,Wrote several Book's as well.
cv-corpus-22.0-delta-2025-06-20/en\clips\common_voice_en_42788567.wav,5.22,16000,CommonVoice,a05b9ecae26781f34867ab828f329f8e54b3998ad32ebb2e41158df7213b314d9a21cb117378ed356ebeafcd12e42af3e2fbd25b671f43f9d91e613e47491ada,unknown,But the tour fell apart when we hit Port Hedland.
cv-corpus-22.0-delta-2025-06-20/en\clips\common_voice_en_42736392.wav,4.32,16000,CommonVoice,d4267e6569d3e5c8995339e8606fd39ff78ac7333c41a40f1be80ce72ca6a0bbb08e7d67db0abe5f045596763d60f0518b2b70db1fcd64cc6582aa4a342902a3,unknown,"Soon after, he left the city to travel and write."
cv-corpus-22.0-delta-2025-06-20/en\clips\common_voice_en_42736425.wav,4.93,16000,CommonVoice,d4267e6569d3e5c8995339e8606fd39ff78ac7333c41a40f1be80ce72ca6a0bbb08e7d67db0abe5f045596763d60f0518b2b70db1fcd64cc6582aa4a342902a3,unknown,Only one of those points is in the region bounded by this contour.
cv-corpus-22.0-delta-2025-06-20/en\clips\common_voice_en_42736426.wav,6.19,16000,CommonVoice,d4267e6569d3e5c8995339e8606fd39ff78ac7333c41a40f1be80ce72ca6a0bbb08e7d67db0abe5f045596763d60f0518b2b70db1fcd64cc6582aa4a342902a3,unknown,"Several days later, a war tax was instituted on the aristocrats and wealthy bourgeois."
cv-corpus-22.0-delta-2025-06-20/en\clips\common_voice_en_42832667.wav,3.02,16000,CommonVoice,f3bc45d3e24363f9917a5991aaa7d5e4222631fdb171909aa52ee5f5cc1bbf48b7b08ff3922c4310a4362dab37a0f58436d90f1e0cf8d9c1383467564e673042,unknown,The hindwings are grey.
cv-corpus-22.0-delta-2025-06-20/en\clips\common_voice_en_42832669.wav,7.02,16000,CommonVoice,f3bc45d3e24363f9917a5991aaa7d5e4222631fdb171909aa52ee5f5cc1bbf48b7b08ff3922c4310a4362dab37a0f58436d90f1e0cf8d9c1383467564e673042,unknown,Agnes was the mother of Jungian analyst Jack Sanford.
cv-corpus-22.0-delta-2025-06-20/en\clips\common_voice_en_42832684.wav,4.86,16000,CommonVoice,f3bc45d3e24363f9917a5991aaa7d5e4222631fdb171909aa52ee5f5cc1bbf48b7b08ff3922c4310a4362dab37a0f58436d90f1e0cf8d9c1383467564e673042,unknown,Finns began waging partisan warfare against the Russians.
cv-corpus-22.0-delta-2025-06-20/en\clips\common_voice_en_42773510.wav,6.77,16000,CommonVoice,2733237bf6132e9fea86e7ae5a9b1567a46c6082e68e89428caf3333f240fc410e44aa9d34896361daa547a99495d2539a5b3d61d1ff28055fa2509a6afb16ed,unknown,"He was born in Bangkok, and brought up in Cornwall, England."
cv-corpus-22.0-delta-2025-06-20/en\clips\common_voice_en_42773512.wav,5.58,16000,CommonVoice,2733237bf6132e9fea86e7ae5a9b1567a46c6082e68e89428caf3333f240fc410e44aa9d34896361daa547a99495d2539a5b3d61d1ff28055fa2509a6afb16ed,unknown,After graduation he taught English and mathematics.
cv-corpus-22.0-delta-2025-06-20/en\clips\common_voice_en_42773525.wav,8.86,16000,CommonVoice,2733237bf6132e9fea86e7ae5a9b1567a46c6082e68e89428caf3333f240fc410e44aa9d34896361daa547a99495d2539a5b3d61d1ff28055fa2509a6afb16ed,unknown,Statistical inference uses mathematics to draw conclusions in the presence of uncertainty.
cv-corpus-22.0-delta-2025-06-20/en\clips\common_voice_en_42773561.wav,8.68,16000,CommonVoice,2733237bf6132e9fea86e7ae5a9b1567a46c6082e68e89428caf3333f240fc410e44aa9d34896361daa547a99495d2539a5b3d61d1ff28055fa2509a6afb16ed,unknown,The remaining smaller operating companies were sold off or transferred into the remaining ones.
cv-corpus-22.0-delta-2025-06-20/en\clips\common_voice_en_42743792.wav,5.4,16000,CommonVoice,d5e3abe4e1ca1d1f9f225934281dab8a562d0497457961569339e8b960dd6b8a3102ffedb2fa1a1a6077809d242c373fd793fee4412ddaa77696f6e218a4dcba,unknown,One of the earliest shrubs to bloom in the Northeast is witch hazel.
cv-corpus-22.0-delta-2025-06-20/en\clips\common_voice_en_42743805.wav,6.59,16000,CommonVoice,d5e3abe4e1ca1d1f9f225934281dab8a562d0497457961569339e8b960dd6b8a3102ffedb2fa1a1a6077809d242c373fd793fee4412ddaa77696f6e218a4dcba,unknown,A real student is therefore one seeking for the realities about life and universe.
cv-corpus-22.0-delta-2025-06-20/en\clips\common_voice_en_42743825.wav,7.06,16000,CommonVoice,d5e3abe4e1ca1d1f9f225934281dab8a562d0497457961569339e8b960dd6b8a3102ffedb2fa1a1a6077809d242c373fd793fee4412ddaa77696f6e218a4dcba,unknown,A large inland sea that extended into central Australia modified its continental climate.
cv-corpus-22.0-delta-2025-06-20/en\clips\common_voice_en_42743845.wav,4.9,16000,CommonVoice,d5e3abe4e1ca1d1f9f225934281dab8a562d0497457961569339e8b960dd6b8a3102ffedb2fa1a1a6077809d242c373fd793fee4412ddaa77696f6e218a4dcba,unknown,"Years later, I went to see him and he had totally changed."
cv-corpus-22.0-delta-2025-06-20/en\clips\common_voice_en_42807943.wav,4.14,16000,CommonVoice,fb3a6f053002d1b833674e416727ba24a0599a2a96294ab0cffb7408f89136426b2e94491aeaeca912a56540ea9848e794c64b446e56e81e9f60840517836c44,unknown,Castelli was interested in mathematics and hydraulics.
cv-corpus-22.0-delta-2025-06-20/en\clips\common_voice_en_42807958.wav,5.33,16000,CommonVoice,fb3a6f053002d1b833674e416727ba24a0599a2a96294ab0cffb7408f89136426b2e94491aeaeca912a56540ea9848e794c64b446e56e81e9f60840517836c44,unknown,Ramsey numbers can be determined by some universal quantum computers.
cv-corpus-22.0-delta-2025-06-20/en\clips\common_voice_en_42807963.wav,5.22,16000,CommonVoice,fb3a6f053002d1b833674e416727ba24a0599a2a96294ab0cffb7408f89136426b2e94491aeaeca912a56540ea9848e794c64b446e56e81e9f60840517836c44,unknown,The story centers on the life of a renegade gaucho.
cv-corpus-22.0-delta-2025-06-20/en\clips\common_voice_en_42808017.wav,6.05,16000,CommonVoice,fb3a6f053002d1b833674e416727ba24a0599a2a96294ab0cffb7408f89136426b2e94491aeaeca912a56540ea9848e794c64b446e56e81e9f60840517836c44,unknown,This district included the territory between the Alabama and Tombigbee Rivers.
cv-corpus-22.0-delta-2025-06-20/en\clips\common_voice_en_42706159.wav,7.56,16000,CommonVoice,befbc9d0070ca900295c8573286aba46581790fcfdbbbd77f6b5dee9146c3db5e86049bf022169268003d497167a67119a9b449c2c8abae388fa270a91e52cbd,unknown,"Robinson jokingly remarked that Hugh Laurie's success on ""House"" may make that difficult."
cv-corpus-22.0-delta-2025-06-20/en\clips\common_voice_en_42706160.wav,6.88,16000,CommonVoice,befbc9d0070ca900295c8573286aba46581790fcfdbbbd77f6b5dee9146c3db5e86049bf022169268003d497167a67119a9b449c2c8abae388fa270a91e52cbd,unknown,The Council met under the presidency of Bishop Caesarius of Arles.
cv-corpus-22.0-delta-2025-06-20/en\clips\common_voice_en_42706169.wav,4.79,16000,CommonVoice,befbc9d0070ca900295c8573286aba46581790fcfdbbbd77f6b5dee9146c3db5e86049bf022169268003d497167a67119a9b449c2c8abae388fa270a91e52cbd,unknown,It is the second time that they have recorded together.
cv-corpus-22.0-delta-2025-06-20/en\clips\common_voice_en_42706181.wav,6.34,16000,CommonVoice,befbc9d0070ca900295c8573286aba46581790fcfdbbbd77f6b5dee9146c3db5e86049bf022169268003d497167a67119a9b449c2c8abae388fa270a91e52cbd,unknown,The village is so peaceful that crime has become nonexistent.
cv-corpus-22.0-delta-2025-06-20/en\clips\common_voice_en_42706202.wav,6.34,16000,CommonVoice,befbc9d0070ca900295c8573286aba46581790fcfdbbbd77f6b5dee9146c3db5e86049bf022169268003d497167a67119a9b449c2c8abae388fa270a91e52cbd,unknown,High school students attend Winnacunnet High School in the neighboring town of Hampton.
cv-corpus-22.0-delta-2025-06-20/en\clips\common_voice_en_42895984.wav,2.56,16000,CommonVoice,c6dbf43ebaeda7765c94fae40a68c9db500800f7ea0aa74e06a47e9c3c9c8310047ef7e9f7af7246a905c9f293155e19c82328dfe1404d13b9691fa5c89d7945,unknown,"He started, and laughed."
cv-corpus-22.0-delta-2025-06-20/en\clips\common_voice_en_42896173.wav,5.29,16000,CommonVoice,c6dbf43ebaeda7765c94fae40a68c9db500800f7ea0aa74e06a47e9c3c9c8310047ef7e9f7af7246a905c9f293155e19c82328dfe1404d13b9691fa5c89d7945,unknown,He gained a lot of experience performing at regional competitions and festivals.
cv-corpus-22.0-delta-2025-06-20/en\clips\common_voice_en_42896222.wav,4.36,16000,CommonVoice,c6dbf43ebaeda7765c94fae40a68c9db500800f7ea0aa74e06a47e9c3c9c8310047ef7e9f7af7246a905c9f293155e19c82328dfe1404d13b9691fa5c89d7945,unknown,"There's no morality involved, I'm not saying it should or shouldn't happen."
cv-corpus-22.0-delta-2025-06-20/en\clips\common_voice_en_42902449.wav,4.64,16000,CommonVoice,c6dbf43ebaeda7765c94fae40a68c9db500800f7ea0aa74e06a47e9c3c9c8310047ef7e9f7af7246a905c9f293155e19c82328dfe1404d13b9691fa5c89d7945,unknown,He was also co-author of multiple papers on Geology.
cv-corpus-22.0-delta-2025-06-20/en\clips\common_voice_en_42906370.wav,4.21,16000,CommonVoice,c6dbf43ebaeda7765c94fae40a68c9db500800f7ea0aa74e06a47e9c3c9c8310047ef7e9f7af7246a905c9f293155e19c82328dfe1404d13b9691fa5c89d7945,unknown,Mindfulness can also be viewed as a means to develop self-knowledge and wisdom.
cv-corpus-22.0-delta-2025-06-20/en\clips\common_voice_en_43196392.wav,6.08,16000,CommonVoice,d918e46f551ad499dc13ddcb29d565937eb61de554e35a634e9aaafa83292d57d3c67fb664aa49f35468ee678d3cc82e588d4cd1aaa68ac34153e09d5dc80168,unknown,He played college football at Iowa.
cv-corpus-22.0-delta-2025-06-20/en\clips\common_voice_en_43196441.wav,7.67,16000,CommonVoice,d918e46f551ad499dc13ddcb29d565937eb61de554e35a634e9aaafa83292d57d3c67fb664aa49f35468ee678d3cc82e588d4cd1aaa68ac34153e09d5dc80168,unknown,"An online exclusive ""orchestral"" mix can be heard on the Official website."
cv-corpus-22.0-delta-2025-06-20/en\clips\common_voice_en_43196465.wav,6.44,16000,CommonVoice,d918e46f551ad499dc13ddcb29d565937eb61de554e35a634e9aaafa83292d57d3c67fb664aa49f35468ee678d3cc82e588d4cd1aaa68ac34153e09d5dc80168,unknown,This locomotive is considered to be the end of the Maxi line.
cv-corpus-22.0-delta-2025-06-20/en\clips\common_voice_en_43196647.wav,3.64,16000,CommonVoice,d918e46f551ad499dc13ddcb29d565937eb61de554e35a634e9aaafa83292d57d3c67fb664aa49f35468ee678d3cc82e588d4cd1aaa68ac34153e09d5dc80168,unknown,"He lives in Athens, Greece."
cv-corpus-22.0-delta-2025-06-20/en\clips\common_voice_en_43196719.wav,6.12,16000,CommonVoice,d918e46f551ad499dc13ddcb29d565937eb61de554e35a634e9aaafa83292d57d3c67fb664aa49f35468ee678d3cc82e588d4cd1aaa68ac34153e09d5dc80168,unknown,The company contributed interior metalwork for the Washington Monument.
cv-corpus-22.0-delta-2025-06-20/en\clips\common_voice_en_42840194.wav,4.43,16000,CommonVoice,236b6af6fb49e6c5112d9b070a546063c82a9068f49b95d454f653012062fd1a43a37cdd68e2d9701b2d34bdf10d2fc5d3882b056a58df37e0811a7891d3b4fa,unknown,At intermediate levels sandstone is common.
cv-corpus-22.0-delta-2025-06-20/en\clips\common_voice_en_42840222.wav,5.08,16000,CommonVoice,236b6af6fb49e6c5112d9b070a546063c82a9068f49b95d454f653012062fd1a43a37cdd68e2d9701b2d34bdf10d2fc5d3882b056a58df37e0811a7891d3b4fa,unknown,"Recognize that at times you will have to engage in evil, but minimize it."
cv-corpus-22.0-delta-2025-06-20/en\clips\common_voice_en_42840233.wav,3.71,16000,CommonVoice,236b6af6fb49e6c5112d9b070a546063c82a9068f49b95d454f653012062fd1a43a37cdd68e2d9701b2d34bdf10d2fc5d3882b056a58df37e0811a7891d3b4fa,unknown,His submarine plays a role in the comic.
cv-corpus-22.0-delta-2025-06-20/en\clips\common_voice_en_42840237.wav,4.82,16000,CommonVoice,236b6af6fb49e6c5112d9b070a546063c82a9068f49b95d454f653012062fd1a43a37cdd68e2d9701b2d34bdf10d2fc5d3882b056a58df37e0811a7891d3b4fa,unknown,Mr. Peanut has appeared on almost every Planters package and advertisement.
cv-corpus-22.0-delta-2025-06-20/en\clips\common_voice_en_42840257.wav,5.98,16000,CommonVoice,236b6af6fb49e6c5112d9b070a546063c82a9068f49b95d454f653012062fd1a43a37cdd68e2d9701b2d34bdf10d2fc5d3882b056a58df37e0811a7891d3b4fa,unknown,Work on the junior school established new classrooms and the new Early Learning Centre.
cv-corpus-22.0-delta-2025-06-20/en\clips\common_voice_en_42840268.wav,4.68,16000,CommonVoice,236b6af6fb49e6c5112d9b070a546063c82a9068f49b95d454f653012062fd1a43a37cdd68e2d9701b2d34bdf10d2fc5d3882b056a58df37e0811a7891d3b4fa,unknown,"In addition, there is extensive use of shared laboratories and equipment."
cv-corpus-22.0-delta-2025-06-20/en\clips\common_voice_en_43205073.wav,7.67,16000,CommonVoice,70ed00395877b8227142c8e26e083d95c0aafb0c72fb1397427f54649d099422b38e9519384336dd3bc012db4f3dce84796a5779c0df37659729fdf4dde13d84,unknown,"Like the Laurel, it was exclusive to Nissan Japanese dealerships called Nissan Motor Store."
cv-corpus-22.0-delta-2025-06-20/en\clips\common_voice_en_43205086.wav,5.29,16000,CommonVoice,70ed00395877b8227142c8e26e083d95c0aafb0c72fb1397427f54649d099422b38e9519384336dd3bc012db4f3dce84796a5779c0df37659729fdf4dde13d84,unknown,The New Zealand Customs service is the oldest government department in New Zealand.
cv-corpus-22.0-delta-2025-06-20/en\clips\common_voice_en_43205195.wav,7.99,16000,CommonVoice,70ed00395877b8227142c8e26e083d95c0aafb0c72fb1397427f54649d099422b38e9519384336dd3bc012db4f3dce84796a5779c0df37659729fdf4dde13d84,unknown,"Called ""Molly"", she first married the stockbroker Thomas J. McGreevy of Kansas City, Missouri."
cv-corpus-22.0-delta-2025-06-20/en\clips\common_voice_en_43205365.wav,3.96,16000,CommonVoice,70ed00395877b8227142c8e26e083d95c0aafb0c72fb1397427f54649d099422b38e9519384336dd3bc012db4f3dce84796a5779c0df37659729fdf4dde13d84,unknown,His death stunned Jamaica.
cv-corpus-22.0-delta-2025-06-20/en\clips\common_voice_en_43205504.wav,3.13,16000,CommonVoice,70ed00395877b8227142c8e26e083d95c0aafb0c72fb1397427f54649d099422b38e9519384336dd3bc012db4f3dce84796a5779c0df37659729fdf4dde13d84,unknown,She is buried in Derry.
cv-corpus-22.0-delta-2025-06-20/en\clips\common_voice_en_43205507.wav,4.21,16000,CommonVoice,70ed00395877b8227142c8e26e083d95c0aafb0c72fb1397427f54649d099422b38e9519384336dd3bc012db4f3dce84796a5779c0df37659729fdf4dde13d84,unknown,The new court would judge on commercial disputes.
cv-corpus-22.0-delta-2025-06-20/en\clips\common_voice_en_43205612.wav,4.79,16000,CommonVoice,70ed00395877b8227142c8e26e083d95c0aafb0c72fb1397427f54649d099422b38e9519384336dd3bc012db4f3dce84796a5779c0df37659729fdf4dde13d84,unknown,Several relatives of surrounding regions made claims.
cv-corpus-22.0-delta-2025-06-20/en\clips\common_voice_en_42713890.wav,5.44,16000,CommonVoice,302b51de89ba0e815cce38bba05ee858e556375d19c74554175b32c2f93dc57bc44d0a3c15bf844eea5cd752b97c28fee9b2310029276363f9eabc67eb0c9cca,unknown,Sixteen teams competed in the inaugural tournament.
cv-corpus-22.0-delta-2025-06-20/en\clips\common_voice_en_42713893.wav,3.71,16000,CommonVoice,302b51de89ba0e815cce38bba05ee858e556375d19c74554175b32c2f93dc57bc44d0a3c15bf844eea5cd752b97c28fee9b2310029276363f9eabc67eb0c9cca,unknown,She later died from her injuries.
cv-corpus-22.0-delta-2025-06-20/en\clips\common_voice_en_42727472.wav,7.67,16000,CommonVoice,302b51de89ba0e815cce38bba05ee858e556375d19c74554175b32c2f93dc57bc44d0a3c15bf844eea5cd752b97c28fee9b2310029276363f9eabc67eb0c9cca,unknown,Alpha motor neurons are highly abundant and larger in size than gamma motor neurons.
cv-corpus-22.0-delta-2025-06-20/en\clips\common_voice_en_42727484.wav,5.65,16000,CommonVoice,302b51de89ba0e815cce38bba05ee858e556375d19c74554175b32c2f93dc57bc44d0a3c15bf844eea5cd752b97c28fee9b2310029276363f9eabc67eb0c9cca,unknown,This would explain his familiarity with the method of Isaac Luria.
cv-corpus-22.0-delta-2025-06-20/en\clips\common_voice_en_42727489.wav,8.42,16000,CommonVoice,302b51de89ba0e815cce38bba05ee858e556375d19c74554175b32c2f93dc57bc44d0a3c15bf844eea5cd752b97c28fee9b2310029276363f9eabc67eb0c9cca,unknown,"In response, many individuals and organizations petitioned Fox News to reconsider its decision."
cv-corpus-22.0-delta-2025-06-20/en\clips\common_voice_en_42727505.wav,6.77,16000,CommonVoice,302b51de89ba0e815cce38bba05ee858e556375d19c74554175b32c2f93dc57bc44d0a3c15bf844eea5cd752b97c28fee9b2310029276363f9eabc67eb0c9cca,unknown,The program structure and individual sessions are aimed at addressing all age categories.
cv-corpus-22.0-delta-2025-06-20/en\clips\common_voice_en_42727509.wav,4.07,16000,CommonVoice,302b51de89ba0e815cce38bba05ee858e556375d19c74554175b32c2f93dc57bc44d0a3c15bf844eea5cd752b97c28fee9b2310029276363f9eabc67eb0c9cca,unknown,Fischer shortened and partly altered.
cv-corpus-22.0-delta-2025-06-20/en\clips\common_voice_en_42904506.wav,5.26,16000,CommonVoice,302b51de89ba0e815cce38bba05ee858e556375d19c74554175b32c2f93dc57bc44d0a3c15bf844eea5cd752b97c28fee9b2310029276363f9eabc67eb0c9cca,unknown,Van Gogh went on to paint several versions of this painting.
cv-corpus-22.0-delta-2025-06-20/en\clips\common_voice_en_43209749.wav,5.58,16000,CommonVoice,dbacb547670f0c0caaa8ebe5f597b4edd1bc411c9dc5710e5c7dd7796ed1b8b0c280474dedeffbda49afb5bafa63791cad529c1a61e8a513449793d935633cba,unknown,He is eligible to represent Italy internationally through his father.
cv-corpus-22.0-delta-2025-06-20/en\clips\common_voice_en_43209751.wav,4.97,16000,CommonVoice,dbacb547670f0c0caaa8ebe5f597b4edd1bc411c9dc5710e5c7dd7796ed1b8b0c280474dedeffbda49afb5bafa63791cad529c1a61e8a513449793d935633cba,unknown,"It can even continue to grow unrooted, as floating fragments."
cv-corpus-22.0-delta-2025-06-20/en\clips\common_voice_en_43209768.wav,5.22,16000,CommonVoice,dbacb547670f0c0caaa8ebe5f597b4edd1bc411c9dc5710e5c7dd7796ed1b8b0c280474dedeffbda49afb5bafa63791cad529c1a61e8a513449793d935633cba,unknown,Arkhangelsky is the nearest rural locality.
cv-corpus-22.0-delta-2025-06-20/en\clips\common_voice_en_43210015.wav,4.97,16000,CommonVoice,dbacb547670f0c0caaa8ebe5f597b4edd1bc411c9dc5710e5c7dd7796ed1b8b0c280474dedeffbda49afb5bafa63791cad529c1a61e8a513449793d935633cba,unknown,Into what estate did the fall bring mankind?
cv-corpus-22.0-delta-2025-06-20/en\clips\common_voice_en_43210057.wav,6.52,16000,CommonVoice,dbacb547670f0c0caaa8ebe5f597b4edd1bc411c9dc5710e5c7dd7796ed1b8b0c280474dedeffbda49afb5bafa63791cad529c1a61e8a513449793d935633cba,unknown,Non-Yolngu are welcome to attend the festival and learn about Yolngu traditions and Law.
cv-corpus-22.0-delta-2025-06-20/en\clips\common_voice_en_43210061.wav,6.59,16000,CommonVoice,dbacb547670f0c0caaa8ebe5f597b4edd1bc411c9dc5710e5c7dd7796ed1b8b0c280474dedeffbda49afb5bafa63791cad529c1a61e8a513449793d935633cba,unknown,"Subsequently, they added the Works Bar, where customers added their own toppings to hamburgers."
cv-corpus-22.0-delta-2025-06-20/en\clips\common_voice_en_43210070.wav,7.6,16000,CommonVoice,dbacb547670f0c0caaa8ebe5f597b4edd1bc411c9dc5710e5c7dd7796ed1b8b0c280474dedeffbda49afb5bafa63791cad529c1a61e8a513449793d935633cba,unknown,American forces bombed Chichi-jima to cut radio communications between the islands.
cv-corpus-22.0-delta-2025-06-20/en\clips\common_voice_en_43217992.wav,5.22,16000,CommonVoice,dbacb547670f0c0caaa8ebe5f597b4edd1bc411c9dc5710e5c7dd7796ed1b8b0c280474dedeffbda49afb5bafa63791cad529c1a61e8a513449793d935633cba,unknown,Town were drawn away to Walsall in the Second round.
cv-corpus-22.0-delta-2025-06-20/en\clips\common_voice_en_42833542.wav,4.72,16000,CommonVoice,9b4966ad0f17b92511075e9b0936cd7daca30885616011980a6930510e3aa547628ce9e55dfc03f5de2ea315e42a2f0243a70cc136b2814096779d9ff66e958d,unknown,He worked for the Inland Revenue as an inspector of taxes.
cv-corpus-22.0-delta-2025-06-20/en\clips\common_voice_en_42833966.wav,6.3,16000,CommonVoice,9b4966ad0f17b92511075e9b0936cd7daca30885616011980a6930510e3aa547628ce9e55dfc03f5de2ea315e42a2f0243a70cc136b2814096779d9ff66e958d,unknown,The crimes are therefore to be punished in accordance with existing canon provisions.
cv-corpus-22.0-delta-2025-06-20/en\clips\common_voice_en_42833970.wav,6.41,16000,CommonVoice,9b4966ad0f17b92511075e9b0936cd7daca30885616011980a6930510e3aa547628ce9e55dfc03f5de2ea315e42a2f0243a70cc136b2814096779d9ff66e958d,unknown,This is the only time an Amtrak operated train stops at this station.
cv-corpus-22.0-delta-2025-06-20/en\clips\common_voice_en_42833981.wav,3.53,16000,CommonVoice,9b4966ad0f17b92511075e9b0936cd7daca30885616011980a6930510e3aa547628ce9e55dfc03f5de2ea315e42a2f0243a70cc136b2814096779d9ff66e958d,unknown,The town has no rail service.
cv-corpus-22.0-delta-2025-06-20/en\clips\common_voice_en_42833994.wav,5.44,16000,CommonVoice,9b4966ad0f17b92511075e9b0936cd7daca30885616011980a6930510e3aa547628ce9e55dfc03f5de2ea315e42a2f0243a70cc136b2814096779d9ff66e958d,unknown,Glass bricks are produced for both wall and floor applications.
cv-corpus-22.0-delta-2025-06-20/en\clips\common_voice_en_42844892.wav,5.22,16000,CommonVoice,9b4966ad0f17b92511075e9b0936cd7daca30885616011980a6930510e3aa547628ce9e55dfc03f5de2ea315e42a2f0243a70cc136b2814096779d9ff66e958d,unknown,Its control surfaces are all hydraulically actuated.
cv-corpus-22.0-delta-2025-06-20/en\clips\common_voice_en_42844893.wav,6.12,16000,CommonVoice,9b4966ad0f17b92511075e9b0936cd7daca30885616011980a6930510e3aa547628ce9e55dfc03f5de2ea315e42a2f0243a70cc136b2814096779d9ff66e958d,unknown,Microsoft did not really provide such fonts for computers sold in Romania.
cv-corpus-22.0-delta-2025-06-20/en\clips\common_voice_en_42844912.wav,8.1,16000,CommonVoice,9b4966ad0f17b92511075e9b0936cd7daca30885616011980a6930510e3aa547628ce9e55dfc03f5de2ea315e42a2f0243a70cc136b2814096779d9ff66e958d,unknown,Excitable media can be modelled using both partial differential equations and cellular automata.
cv-corpus-22.0-delta-2025-06-20/en\clips\common_voice_en_42844917.wav,6.41,16000,CommonVoice,9b4966ad0f17b92511075e9b0936cd7daca30885616011980a6930510e3aa547628ce9e55dfc03f5de2ea315e42a2f0243a70cc136b2814096779d9ff66e958d,unknown,"She was criticized for running for such a position, given her past profession."
